{"_id": {"$oid": "640b945c042f8a7fd3f77d2f"}, "Nombre": "Wanda Metropolitano", "Ciudad": "Madrid", "Pais": "España", "Capacidad": 68000}{"_id": {"$oid": "640b945c042f8a7fd3f77d30"}, "Nombre": "Santiago Bernabeu", "Ciudad": "Madrid", "Pais": "España", "Capacidad": 81044}{"_id": {"$oid": "640b945c042f8a7fd3f77d31"}, "Nombre": "Camp Nou", "Ciudad": "Barcelona", "Pais": "España", "Capacidad": 99354}{"_id": {"$oid": "640b945c042f8a7fd3f77d32"}, "Nombre": "Ramón Sánchez Pizjuán", "Ciudad": "Sevilla", "Pais": "España", "Capacidad": 45000}{"_id": {"$oid": "640b945c042f8a7fd3f77d33"}, "Nombre": "Mestalla", "Ciudad": "Valencia", "Pais": "España", "Capacidad": 55000}{"_id": {"$oid": "640b945c042f8a7fd3f77d34"}, "Nombre": "Estadio de la Cerámica", "Ciudad": "Villarreal", "Pais": "España", "Capacidad": 30000}