{"_id": {"$oid": "640b945c042f8a7fd3f77d1f"}, "Nombre": "Luka Modric", "Posicion": "Centrocampista", "Equipo": "Real Madrid", "Dorsal": 10, "Edad": 33}{"_id": {"$oid": "640b945c042f8a7fd3f77d20"}, "Nombre": "Sergio Ramos", "Posicion": "Defensa central", "Equipo": "Real Madrid", "Dorsal": 4, "Edad": 34}{"_id": {"$oid": "640b945c042f8a7fd3f77d21"}, "Nombre": "Karim Benzema", "Posicion": "Delantero", "Equipo": "Real Madrid", "Dorsal": 9, "Edad": 32}{"_id": {"$oid": "640b945c042f8a7fd3f77d22"}, "Nombre": "Toni Kroos", "Posicion": "Centrocampista", "Equipo": "Real Madrid", "Dorsal": 8, "Edad": 30}{"_id": {"$oid": "640b945c042f8a7fd3f77d23"}, "Nombre": "Luka Jovic", "Posicion": "Delantero", "Equipo": "Real Madrid", "Dorsal": 18, "Edad": 23}{"_id": {"$oid": "640b945c042f8a7fd3f77d24"}, "Nombre": "Cristiano Ronaldo", "Posicion": "Delanero", "Equipo": "Real Madrid", "Dorsal": 24, "Edad": 38}{"_id": {"$oid": "640b945c042f8a7fd3f77d25"}, "Nombre": "Lionel Messi", "Posicion": "Delantero", "Equipo": "Barcelona", "Dorsal": 10, "Edad": 33}{"_id": {"$oid": "640b945c042f8a7fd3f77d26"}, "Nombre": "Gerard Pique", "Posicion": "Defensa central", "Equipo": "Barcelona", "Dorsal": 3, "Edad": 33}{"_id": {"$oid": "640b945c042f8a7fd3f77d27"}, "Nombre": "Sergio Busquets", "Posicion": "Centrocampista", "Equipo": "Barcelona", "Dorsal": 5, "Edad": 32}{"_id": {"$oid": "640b945c042f8a7fd3f77d28"}, "Nombre": "Antoine Griezmann", "Posicion": "Delantero", "Equipo": "Barcelona", "Dorsal": 7, "Edad": 29}